{"cameraMode":{"drawMode":0,"name":"Shaded","section":"Shading Mode"},"sceneLighting":true,"audioPlay":false,"sceneViewState":{"m_AlwaysRefresh":false,"showFog":true,"showSkybox":true,"showFlares":true,"showImageEffects":true,"showParticleSystems":true,"showVisualEffectGraphs":true,"m_FxEnabled":true},"in2DMode":false,"pivot":{"x":64.33296966552735,"y":24.284862518310548,"z":50.885704040527347},"rotation":{"x":0.10661234706640244,"y":0.5429686903953552,"z":-0.06987583637237549,"w":0.8301218748092651},"size":57.809547424316409,"orthographic":false}