{"cameraMode":{"drawMode":0,"name":"Shaded","section":"Shading Mode"},"sceneLighting":false,"audioPlay":false,"sceneViewState":{"m_AlwaysRefresh":false,"showFog":true,"showSkybox":false,"showFlares":true,"showImageEffects":true,"showParticleSystems":true,"showVisualEffectGraphs":true,"m_FxEnabled":true},"in2DMode":false,"pivot":{"x":-1.1861186027526856,"y":4.593599319458008,"z":-1.6179072856903077},"rotation":{"x":0.08425728231668472,"y":0.4537266790866852,"z":-0.04313580319285393,"w":0.8859431147575378},"size":10.452279090881348,"orthographic":false}